{
  "docsets_to_publish": [
    {
      "docset_name": "d365businesscentral",
      "build_source_folder": "business-central",
      "build_output_subfolder": "d365businesscentral",
      "locale": "de-de",
      "monikers": [],
      "moniker_ranges": [],
      "open_to_public_contributors": true,
      "type_mapping": {
        "Conceptual": "Content",
        "ManagedReference": "Content",
        "RestApi": "Content"
      },
      "build_entry_point": "docs",
      "template_folder": "_themes"
    }
  ],
  "notification_subscribers": [
    "edupont@microsoft.com",
    "solsen@microsoft.com"
  ],
  "sync_notification_subscribers": [
    "buckley.guderian@microsoft.com"
  ],
  "branches_to_filter": [
    "live-sxs"
  ],
  "git_repository_url_open_to_public_contributors": "https://github.com/MicrosoftDocs/dynamics365smb-docs",
  "git_repository_branch_open_to_public_contributors": "main",
  "continue_with_document_error": true,
  "skip_source_output_uploading": false,
  "need_preview_pull_request": false,
  "contribution_branch_mappings": {},
  "dependent_repositories": [
    {
      "path_to_root": "_themes",
      "url": "https://github.com/Microsoft/templates.docs.msft.de-de",
      "branch": "main",
      "branch_mapping": {}
    },
    {
      "path_to_root": "_repo.en-us",
      "url": "https://github.com/MicrosoftDocs/dynamics365smb-docs-pr",
      "branch": "live",
      "branch_mapping": {
        "live": "live",
        "main": "main"
      }
    },
    {
      "path_to_root": "_themes.pdf",
      "url": "https://github.com/Microsoft/templates.docs.msft.pdf",
      "branch": "main",
      "branch_mapping": {}
    }
  ],
  "branch_target_mapping": {
    "live": [
      "Publish",
      "Pdf"
    ]
  },
  "need_generate_pdf_url_template": true,
  "targets": {
    "pdf": {
      "template_folder": "_themes.pdf"
    }
  },
  "need_generate_intellisense": false,
  "docs_build_engine": {
    "name": "docfx_v3"
  }
}