{
  "build": {
    "content": [
      {
        "files": [
          "**/*.md",
          "**/*.yml"
        ],
        "exclude": [
          "**/obj/**",
          "**/includes/**",
          "_themes/**",
          "_themes.pdf/**",
          "README.md",
          "LICENSE",
          "LICENSE-CODE",
          "ThirdPartyNotices"
        ]
      }
    ],
    "resource": [
      {
        "files": [
          "**/*.png",
          "**/*.jpg",
          "**/*.gif",
          "**/*.pdf"
        ],
        "exclude": [
          "**/obj/**",
          "**/includes/**",
          "_themes/**",
          "_themes.pdf/**"
        ]
      }
    ],
    "overwrite": [],
    "externalReference": [],
    "globalMetadata": {
      "feedback_system": "GitHub",
      "feedback_github_repo": "MicrosoftDocs/dynamics365smb-docs",
      "feedback_product_url": "https://experience.dynamics.com/ideas/categories/?forum=e288ef32-82ed-e611-8101-5065f38b21f1&forumName=Dynamics%20365%20Business%20Central",
      "searchScope": [
        "Dynamics 365",
        "BusinessCentral"
      ],
      "uhfHeaderId": "MSDocsHeader-Dynamics365",
      "titleSuffix": "Business Central",
      "search.app": "businesscentral",
      "search.audienceType": "enduser, admin",
      "breadcrumb_path": "/dynamics365/business-central/breadcrumb/toc.json",
      "ms.service": "dynamics365-business-central",
      "extendBreadcrumb": true,
      "recommendations": "true"
    },
    "fileMetadata": {
      "searchScope": {
        "fa-**.md": [
          "BusinessCentral",
          "fixed asset",
          "depreciation"
        ],
        "bank**.md": [
          "BusinessCentral",
          "bank",
          "banking"
        ],
        "bi**.md": [
          "BusinessCentral",
          "report",
          "analysis",
          "dimensions"
        ],
        "finance**.md": [
          "BusinessCentral",
          "finance",
          "financials",
          "general ledger",
          "cost accounting"
        ],
        "inventory**.md": [
          "BusinessCentral",
          "inventory",
          "stock",
          "warehouse"
        ],
        "across-how-to-**workflow**.md": [
          "BusinessCentral",
          "workflow",
          "approval"
        ],
        "across-how-to-**approval**.md": [
          "BusinessCentral",
          "approval",
          "workflow"
        ]
      }
    },
    "template": [],
    "dest": "d365businesscentral",
    "markdownEngineName": "markdig"
  }
}