{
  "build": {
    "content": [
      {
        "files": [
          "**/*.md",
          "**/**.yml"
        ],
        "exclude": [
          "**/obj/**",
          "**/includes/**",
          "README.md",
          "LICENSE",
          "LICENSE-CODE",
          "ThirdPartyNotices"
        ]
      }
    ],
    "resource": [
      {
        "files": [
          "**/*.png",
          "**/*.jpg",
          "**/*.gif"
        ],
        "exclude": [
          "**/obj/**",
          "**/includes/**"
        ]
      }
    ],
    "overwrite": [],
    "externalReference": [],
    "globalMetadata": {
      "feedback_system": "GitHub",
      "feedback_github_repo": "MicrosoftDocs/dynamics365smb-docs",
      "feedback_product_url": "https://experience.dynamics.com/ideas/list/?forum=e288ef32-82ed-e611-8101-5065f38b21f1",
      "searchScope": [
        "Accountant"
      ],
      "uhfHeaderId": "MSDocsHeader-Dynamics365",
      "titleSuffix": "Accountant Hub",
      "breadcrumb_path": "/dynamics365/business-central/breadcrumb/toc.json",
      "ms.service": "dynamics365-accountant",
      "extendBreadcrumb": true
    },
    "fileMetadata": {},
    "template": [],
    "dest": "d365accountant",
    "markdownEngineName": "markdig"
  }
}
